{
  "accuracy_first_base_0.90_alpha_0.50": {
    "accuracy": {
      "ci95_high": 0.884,
      "ci95_low": 0.8709,
      "mean": 0.8775784,
      "std": 0.0033999755057941223
    },
    "avg_exit": {
      "ci95_high": 4.0,
      "ci95_low": 4.0,
      "mean": 4.0,
      "std": 0.0
    },
    "flops_reduction": {
      "ci95_high": 0.0,
      "ci95_low": 0.0,
      "mean": 0.0,
      "std": 0.0
    },
    "latency_ms": {
      "ci95_high": 0.08646392569716047,
      "ci95_low": 0.08646392569716047,
      "mean": 0.08646392569716047,
      "std": 0.0
    },
    "macro_f1": {
      "ci95_high": 0.8836207744465828,
      "ci95_low": 0.8705864423492898,
      "mean": 0.8773239422107267,
      "std": 0.0033412625324855958
    },
    "weighted_f1": {
      "ci95_high": 0.8836920534281099,
      "ci95_low": 0.870753066260884,
      "mean": 0.8773754806168143,
      "std": 0.0034118502281905902
    }
  },
  "early_exit_final": {
    "accuracy": {
      "ci95_high": 0.884,
      "ci95_low": 0.8709,
      "mean": 0.8775784,
      "std": 0.0033999755057941223
    },
    "avg_exit": {
      "ci95_high": 4.0,
      "ci95_low": 4.0,
      "mean": 4.0,
      "std": 0.0
    },
    "flops_reduction": {
      "ci95_high": 0.0,
      "ci95_low": 0.0,
      "mean": 0.0,
      "std": 0.0
    },
    "macro_f1": {
      "ci95_high": 0.8836207744465828,
      "ci95_low": 0.8705864423492898,
      "mean": 0.8773239422107267,
      "std": 0.0033412625324855958
    },
    "weighted_f1": {
      "ci95_high": 0.8836920534281099,
      "ci95_low": 0.870753066260884,
      "mean": 0.8773754806168143,
      "std": 0.0034118502281905902
    }
  },
  "fixed_threshold_0.99": {
    "accuracy": {
      "ci95_high": 0.8839,
      "ci95_low": 0.8709,
      "mean": 0.8774694,
      "std": 0.003404826521278286
    },
    "avg_exit": {
      "ci95_high": 2.8993,
      "ci95_low": 2.8625,
      "mean": 2.8808768,
      "std": 0.009474172352242703
    },
    "flops_reduction": {
      "ci95_high": 0.333676,
      "ci95_low": 0.322862,
      "mean": 0.328322086,
      "std": 0.0027181147887100003
    },
    "latency_ms": {
      "ci95_high": 0.07982788659390465,
      "ci95_low": 0.07982788659390465,
      "mean": 0.07982788659390465,
      "std": 0.0
    },
    "macro_f1": {
      "ci95_high": 0.8835150409543056,
      "ci95_low": 0.8706393054059804,
      "mean": 0.8771849376773015,
      "std": 0.003347352893862499
    },
    "weighted_f1": {
      "ci95_high": 0.8836968053540528,
      "ci95_low": 0.8706881035854498,
      "mean": 0.8772360717382434,
      "std": 0.003417909816229366
    }
  },
  "full_resnet18": {
    "accuracy": {
      "ci95_high": 0.8885,
      "ci95_low": 0.8766,
      "mean": 0.8827299,
      "std": 0.003181879317321765
    },
    "avg_exit": {
      "ci95_high": 1.0,
      "ci95_low": 1.0,
      "mean": 1.0,
      "std": 0.0
    },
    "flops_reduction": {
      "ci95_high": 0.0,
      "ci95_low": 0.0,
      "mean": 0.0,
      "std": 0.0
    },
    "macro_f1": {
      "ci95_high": 0.8870407940628505,
      "ci95_low": 0.8748158317400994,
      "mean": 0.8812540910189447,
      "std": 0.0031578114903628197
    },
    "weighted_f1": {
      "ci95_high": 0.8871144217398953,
      "ci95_low": 0.8750110943227035,
      "mean": 0.8813135883345042,
      "std": 0.0032606849458852714
    }
  },
  "learned_controller_best_reward_lambda_0.30": {
    "accuracy": {
      "ci95_high": 0.7343,
      "ci95_low": 0.7167,
      "mean": 0.7252779,
      "std": 0.004471981841421092
    },
    "avg_exit": {
      "ci95_high": 1.1895,
      "ci95_low": 1.1734,
      "mean": 1.1815469,
      "std": 0.0041367922826750685
    },
    "flops_reduction": {
      "ci95_high": 0.7449520000000001,
      "ci95_low": 0.741566,
      "mean": 0.743234662,
      "std": 0.0008488434047314012
    },
    "latency_ms": {
      "ci95_high": 0.05269642524535887,
      "ci95_low": 0.05269642524535887,
      "mean": 0.05269642524535887,
      "std": 0.0
    },
    "macro_f1": {
      "ci95_high": 0.7289950418258118,
      "ci95_low": 0.7116419634812176,
      "mean": 0.7203394132254891,
      "std": 0.004430008774094883
    },
    "weighted_f1": {
      "ci95_high": 0.7295766460007717,
      "ci95_low": 0.7115898625222138,
      "mean": 0.720417059365368,
      "std": 0.004621962055008315
    }
  },
  "reinforce_controller_lambda_0.05": {
    "accuracy": {
      "ci95_high": 0.8839,
      "ci95_low": 0.87,
      "mean": 0.877015,
      "std": 0.003445843147910249
    },
    "avg_exit": {
      "ci95_high": 2.3322,
      "ci95_low": 2.3134,
      "mean": 2.3226779,
      "std": 0.0048852657645209
    },
    "flops_reduction": {
      "ci95_high": 0.497814,
      "ci95_low": 0.492842,
      "mean": 0.495383812,
      "std": 0.0012987754342672182
    },
    "latency_ms": {
      "ci95_high": 0.08561293063587962,
      "ci95_low": 0.08561293063587962,
      "mean": 0.08561293063587962,
      "std": 0.0
    },
    "macro_f1": {
      "ci95_high": 0.8834062097366316,
      "ci95_low": 0.8699266677133604,
      "mean": 0.8766855943197343,
      "std": 0.0034004604833702714
    },
    "weighted_f1": {
      "ci95_high": 0.8836034429063764,
      "ci95_low": 0.869853220847881,
      "mean": 0.8767356587564371,
      "std": 0.0034629088794957195
    }
  }
}
